time,open,high,low,close,Volume,Swing High,Swing Low,EQ (0.5),Fib 0.79 ENTRY,BUY Strong,BUY Medium,BUY Weak,EMA 200
1731594600,19.43,19.43,17.2505,17.36,45508969,12.085,5.74,8.912500000000001,7.07245,0,0,0,7.1189916517850635
1731681000,17.03,19.48,16.8,19,42280047,12.085,5.74,8.912500000000001,7.07245,0,0,0,7.237210640324515
1731940200,19.54,20.35,18.47,19.29,29165923,12.085,5.74,8.912500000000001,7.07245,0,0,0,7.357138892659595
1732026600,19.025,20.97,18.72,20.5,28809562,12.085,5.74,8.912500000000001,7.07245,0,0,0,7.487913630046067
1732113000,20.55,20.76,19.64,20.18,17269695,22.55,10.29,16.42,12.8646,0,0,0,7.6142030466625235
1732199400,20.4,22.48,19.75,22.41,28114890,22.55,10.29,16.42,12.8646,0,0,0,7.761424906894737
1732285800,23.025,23.81,22.38,23.26,28378030,22.55,10.29,16.42,12.8646,0,0,0,7.915639584438073
1732545000,25.385,25.5799,22.8202,24.06,40883178,22.55,10.29,16.42,12.8646,0,0,0,8.076279986582968
1732631400,23.72,26.71,23.62,25.44,41464099,22.55,10.29,16.42,12.8646,0,0,0,8.249053320049804
1732717800,25.895,27.2,24.73,25.67,26623100,22.55,10.29,16.42,12.8646,0,0,0,8.422396073084133
1732890600,26,28.05,25.66,27.28,19870548,22.55,10.29,16.42,12.8646,0,0,0,8.610033923103197
1733149800,27.975,28.1,24,24.155,41206917,22.55,10.29,16.42,12.8646,0,0,0,8.764710202475305
1733236200,23.8,24.2599,22.5,23.01,30532442,22.55,10.29,16.42,12.8646,0,0,0,8.906454379565103
1733322600,22.95,24,22.34,23.11,23047128,22.55,10.29,16.42,12.8646,0,0,0,9.047783191708733
1733409000,23.105,24.52,22.66,23.92,19910388,22.55,10.29,16.42,12.8646,0,0,0,9.195765448507652
1733495400,24.425,25,23.43,24.68,19915408,22.55,10.29,16.42,12.8646,0,0,0,9.34983743409464
1733754600,24.96,25.09,21.87,23.24,27871041,28.1,10.29,19.195,14.0301,0,0,0,9.488048006889718
1733841000,22.85,24.4,22.8,22.85,12572951,28.1,10.29,19.195,14.0301,0,0,0,9.62100275308982
1733927400,22.98,23.985,21.93,23.35,14544824,28.1,10.29,19.195,14.0301,0,0,0,9.757609690870021
1734013800,22.92,23.96,22.33,22.58,13386699,28.1,10.29,19.195,14.0301,0,0,0,9.885195664095194
1734100200,22.43,24.57,22.42,24.42,18758537,28.1,10.29,19.195,14.0301,0,0,0,10.029820582860417
1734359400,24.465,25.95,23.35,25.9,19543689,28.1,10.29,19.195,14.0301,0,0,0,10.18773281586678
1734445800,25.9,26.45,24.53,26.37,15277958,28.1,10.29,19.195,14.0301,0,0,0,10.348750399788504
1734532200,26.28,26.78,22.89,22.92,21660874,28.1,10.29,19.195,14.0301,0,0,0,10.473837460487125
1734618600,23.66,24.7,22.7,23.22,15541757,28.1,10.29,19.195,14.0301,0,0,0,10.600664948442477
1734705000,22.14,25.29,22.01,24.87,25072884,28.1,10.29,19.195,14.0301,0,0,0,10.742648381791307
1734964200,24.97,26.32,24.34,25.59,14463670,28.1,10.29,19.195,14.0301,0,0,0,10.890383223763532
1735050600,25.57,26.6,25.09,26.6,8689609,28.1,10.29,19.195,14.0301,0,0,0,11.046697818551955
1735223400,26.6,28.8,26.11,28.44,20056033,28.1,10.29,19.195,14.0301,0,0,0,11.219765501949448
1735309800,28.21,28.71,26.74,27.22,15559153,28.1,10.29,19.195,14.0301,0,0,0,11.378971815362886
1735569000,26.22,26.81,24.9,26.32,13775610,28.1,10.29,19.195,14.0301,0,0,0,11.527638762473703
1735655400,26.54,26.88,25.18,25.47,13084832,28.1,10.29,19.195,14.0301,0,0,0,11.666368725036154
1735828200,25.43,25.66,23.7,24.96,13792668,28.1,10.29,19.195,14.0301,0,0,0,11.798643663095495
1735914600,25.025,28.77,25.025,28.74,22114682,28.8,21.87,25.335,23.3253,0,0,0,11.967214372915441
1736173800,28.99,30.26,28.58,28.8,22305366,28.8,21.87,25.335,23.3253,0,0,0,12.13470477716504
1736260200,29.13,29.96,27.42,27.95,19138758,28.8,21.87,25.335,23.3253,0,0,0,12.292070898785287
1736346600,27.3,28.32,25.89,27.36,18750161,28.8,21.87,25.335,23.3253,0,0,0,12.442000541583443
1736519400,26.85,27.99,26.01,26.91,15339962,28.8,21.87,25.335,23.3253,0,0,0,12.585960735199528
1736778600,25.55,25.67,23.61,23.91,18040154,28.8,21.87,25.335,23.3253,0,0,0,12.698637742809483
1736865000,24.45,24.86,23.42,24.16,13862770,30.26,23.7,26.98,25.0776,0,0,0,12.812681148353667
1736951400,25.04,26.5,24.78,24.87,15252228,30.26,23.7,26.98,25.0776,0,0,0,12.932654470260596
1737037800,25.03,25.7769,24.2,24.64,10860202,30.26,23.7,26.98,25.0776,0,0,0,13.04914547055651
1737124200,25.13,25.6532,23.94,24,14068297,30.26,23.7,26.98,25.0776,0,0,0,13.15810919721764
1737469800,26,31.64,25.52,31.27,62027703,30.26,23.7,26.98,25.0776,0,0,0,13.338327016150798
1737556200,29.65,30.1799,28.44,29.62,27902183,30.26,23.7,26.98,25.0776,0,0,0,13.500333712507507
1737642600,29,31.75,28.51,31.57,23888105,30.26,23.7,26.98,25.0776,0,0,0,13.68013138700992
1737729000,32.03,33.34,30.2,30.36,23878644,30.26,23.7,26.98,25.0776,0,0,0,13.84610022893022
1737988200,28.94,30.23,28.48,29.43,17477224,30.26,23.7,26.98,25.0776,0,0,0,14.001163908244347
1738074600,29.7,30.49,27.8501,28.98,16086858,30.26,23.7,26.98,25.0776,0,0,0,14.150207053435945
1738161000,29.24,30.45,28.26,28.87,12874510,30.26,23.7,26.98,25.0776,0,0,0,14.296672654894294
1738247400,29.185,30.81,27.77,28.53,19556513,30.26,23.7,26.98,25.0776,0,0,0,14.438297802606789
1738333800,28.75,30.53,28.2588,29.05,20697040,33.34,23.42,28.380000000000003,25.5032,0,0,0,14.583687874222642
1738593000,27.19,29.18,26.45,28.38,18884717,33.34,23.42,28.380000000000003,25.5032,0,0,0,14.720964611792565
1738679400,29.02,30.16,28.41,28.68,17138224,33.34,23.42,28.380000000000003,25.5032,0,0,0,14.859860486302091
1738765800,28.96,29.1356,27.85,28.6,15149086,33.34,23.42,28.380000000000003,25.5032,0,0,0,14.996578292408538
1738852200,28.58,28.92,27.25,27.68,15384031,33.34,23.42,28.380000000000003,25.5032,0,0,0,15.1227814934791
1738938600,27.98,29.691,27.22,27.41,19260137,33.34,23.42,28.380000000000003,25.5032,0,0,0,15.245042374140999
1739197800,27.75,31.08,27.36,30.6,27264836,33.34,23.42,28.380000000000003,25.5032,0,0,0,15.397828022159496
1739284200,29.86,30.32,28.08,28.22,20244702,33.34,23.42,28.380000000000003,25.5032,0,0,0,15.525411822934029
1739370600,28.01,28.58,27.4,27.62,15500028,33.34,23.42,28.380000000000003,25.5032,0,0,0,15.645755983899859
1739457000,28.08,28.381,27.01,28.3,18636357,33.34,23.42,28.380000000000003,25.5032,0,0,0,15.77166885968195
1739543400,28.24,28.65,27.04,28.02,15313031,33.34,23.42,28.380000000000003,25.5032,0,0,0,15.893542801376658
1739889000,28.27,29.7884,27.3898,27.74,20977182,31.08,26.45,28.765,27.4223,0,0,0,16.01141799738286
1739975400,28,28.295,25.73,25.93,18899047,31.08,26.45,28.765,27.4223,0,0,0,16.110110355617856
1740061800,25.98,26.1499,23.87,25.26,22884773,31.08,26.45,28.765,27.4223,0,0,0,16.201154033671408
1740148200,25.895,25.93,23.36,23.55,16255114,31.08,26.45,28.765,27.4223,0,0,0,16.274276879107514
1740407400,23.74,23.9,21.72,22.49,19606062,31.08,26.45,28.765,27.4223,0,0,0,16.336124870360177
1740493800,21.7,22.16,19.78,20.28,29088977,31.08,26.45,28.765,27.4223,0,0,0,16.37536740896356
1740580200,21.015,21.46,20.5,21.25,16409886,31.08,26.45,28.765,27.4223,0,0,0,16.423871215839544
1740666600,21.975,22.16,19.755,19.83,23948955,31.08,26.45,28.765,27.4223,0,0,0,16.457763044537657
1740753000,16.36,20.49,16.17,20.49,37550739,31.08,26.45,28.765,27.4223,0,0,0,16.497884805288525
1741012200,21.24,21.45,18.4,18.66,26785154,31.08,26.45,28.765,27.4223,0,0,0,16.519398389315505
1741098600,17.97,19.95,17.51,18.995,25807896,31.08,26.45,28.765,27.4223,0,0,0,16.54403124116311
1741185000,19.115,20.84,18.77,20.4,18412430,31.08,26.45,28.765,27.4223,0,0,0,16.582399089509746
1741271400,19.58,20.27,18.3701,18.66,18086788,31.08,26.45,28.765,27.4223,0,0,0,16.60307173538527
1741357800,18.29,19.1,17.67,18.8,16108782,31.08,26.45,28.765,27.4223,0,0,0,16.624931718117757
1741613400,18.2,18.23,16.47,17.12,21121958,31.08,26.45,28.765,27.4223,0,0,0,16.629857770673798
1741699800,16.31,18.14,16.05,17.83,15509238,31.08,26.45,28.765,27.4223,0,0,0,16.641799484398437
1741786200,18.92,19.38,17.58,18.43,19095608,31.08,26.45,28.765,27.4223,0,0,0,16.65959252435467
1741872600,18.345,18.52,17.2907,17.57,10493851,31.08,26.45,28.765,27.4223,0,0,0,16.668651305206865
1741959000,18.095,18.965,17.8,18.81,12008907,31.08,26.45,28.765,27.4223,0,0,0,16.68995825739386
1742218200,19.09,19.95,18.85,19.1,15581579,31.08,26.45,28.765,27.4223,0,0,0,16.713938772245665
1742304600,18.595,18.595,17.96,17.98,9768330,31.08,26.45,28.765,27.4223,0,0,0,16.726536396402423
1742391000,18.3,19.07,17.78,18.78,12096266,31.08,26.45,28.765,27.4223,0,0,0,16.74696887007006
1742477400,18.4,18.87,18.16,18.53,8508991,31.08,26.45,28.765,27.4223,0,0,0,16.764710473352945
1742563800,18.105,18.98,17.98,18.94,16743564,31.08,26.45,28.765,27.4223,0,0,0,16.786355145259883
1742823000,19.445,20.45,19.41,20.21,13807146,31.08,26.45,28.765,27.4223,0,0,0,16.820421263217497
1742909400,20.295,20.39,19.61,20.27,12026534,31.08,26.45,28.765,27.4223,0,0,0,16.854745429752647
1742995800,20.04,20.345,19.392,19.44,12811602,31.08,26.45,28.765,27.4223,0,0,0,16.88046935582476
1743082200,19.05,19.29,18.31,18.42,11754337,31.08,26.45,28.765,27.4223,0,0,0,16.895788068702128
1743168600,19.56,19.79,18.43,18.62,25511877,31.08,26.45,28.765,27.4223,0,0,0,16.912944406326982
1743427800,17.89,18.395,17.3506,17.88,15132500,20.45,16.05,18.25,16.974,0,0,0,16.922566850045122
1743514200,17.69,18.8,17.11,18.15,14075277,20.45,16.05,18.25,16.974,0,0,0,16.934780115218803
1743600600,17.59,19.75,17.5,19.34,15260401,20.45,16.05,18.25,16.974,0,0,0,16.95871265138578
1743687000,17.77,18.31,17.42,17.89,16592890,20.45,16.05,18.25,16.974,0,0,0,16.967979192168013
1743773400,17.125,17.38,15,16.37,22799681,20.45,16.05,18.25,16.974,0,0,0,16.9620291504549
1744032600,14.715,18.24,14.71,17.52,23935487,20.45,16.05,18.25,16.974,1,0,0,16.96758109920659
1744119000,18.537,19.39,16.73,17.18,19958387,20.45,16.05,18.25,16.974,0,0,0,16.969694720110006
1744205400,17.5,21.39,17.2,20.59,31470410,20.45,16.05,18.25,16.974,0,0,0,17.005717658218366
1744291800,19.81,20.74,18.93,19.63,16731421,20.45,16.05,18.25,16.974,0,0,0,17.031829920325645
1744378200,19.56,19.97,18.87,19.63,15484352,20.45,16.05,18.25,16.974,0,0,0,17.05768235892937
1744637400,20.31,20.46,18.66,19.13,13196837,20.45,16.05,18.25,16.974,0,0,0,17.078302434959923
1744723800,19.95,22.1,19.77,21.07,30434199,20.45,16.05,18.25,16.974,0,0,0,17.118020818691665
1744810200,20.3,20.64,19.51,19.975,14733021,20.45,16.05,18.25,16.974,0,0,0,17.146448472237022
1744896600,20.085,20.43,19.42,19.74,9225420,20.45,16.05,18.25,16.974,0,0,0,17.172254955100335
1745242200,19.47,19.72,18.21,18.65,9055626,20.45,16.05,18.25,16.974,0,0,0,17.186958885895358
1745328600,18.88,19.42,18.5497,19.04,9383879,20.45,16.05,18.25,16.974,0,0,0,17.2053971059362
1745415000,20.45,21.4,20.09,20.29,17819299,22.1,14.71,18.405,16.2619,0,0,0,17.236089672046287
1745501400,20.31,22.07,20.0201,21.88,15536370,22.1,14.71,18.405,16.2619,0,0,0,17.282297735011
1745587800,21.99,22.56,21.75,22.38,13775635,22.1,14.71,18.405,16.2619,0,0,0,17.33302114063278
1745847000,23.2,23.77,21.722,22.67,13139011,22.1,14.71,18.405,16.2619,0,0,0,17.386125407890166
1745933400,22.83,23,22.3001,22.4,6646525,22.1,14.71,18.405,16.2619,0,0,0,17.436014707314143
1746019800,21.2,22.1,20.73,21.79,10400129,22.1,14.71,18.405,16.2619,0,0,0,17.479337944057285
1746106200,22.365,22.38,21.7,22.12,8397374,22.1,14.71,18.405,16.2619,0,0,0,17.525513685907463
1746192600,22.38,23.4199,22.34,22.99,12728867,22.1,14.71,18.405,16.2619,0,0,0,17.579886684057637
1746451800,22.56,22.925,22.2601,22.48,8016305,23.77,18.21,20.990000000000002,19.3776,0,0,0,17.628644030484924
1746538200,21.915,22.44,21.502,22.37,7751350,23.77,18.21,20.990000000000002,19.3776,0,0,0,17.675821701823384
1746624600,22.4,22.48,21.845,22.29,7784717,23.77,18.21,20.990000000000002,19.3776,0,0,0,17.721733923695787
1746711000,23.025,23.2,22.25,23.1,15754037,23.77,18.21,20.990000000000002,19.3776,0,0,0,17.775249009032148
1746797400,22.9,22.9,20.2319,20.51,30349715,23.77,18.21,20.990000000000002,19.3776,0,0,0,17.802460461678596
1747056600,21.755,21.8,20.885,21.26,15229690,23.77,18.21,20.990000000000002,19.3776,0,0,0,17.836863840169357
1747143000,21.68,22.37,21.44,21.83,14950661,23.77,18.21,20.990000000000002,19.3776,0,0,0,17.876596538277123
1747229400,21.99,24.52,21.86,24.13,36800892,23.77,18.21,20.990000000000002,19.3776,0,0,0,17.938819458294265
1747315800,23.59,25.23,22.77,25.22,27530551,23.77,18.21,20.990000000000002,19.3776,0,0,0,18.01126901592318
1747402200,25.3,25.7499,24.9304,25.57,24452924,23.77,18.21,20.990000000000002,19.3776,0,0,0,18.086480269496082
1747661400,24.3,25.82,24.29,25.8,17316297,23.77,18.21,20.990000000000002,19.3776,0,0,0,18.1632317096006
1747747800,25.94,26.3968,25.34,26,18173574,23.77,18.21,20.990000000000002,19.3776,0,0,0,18.24120950353492
1747834200,25.655,26.66,25.04,25.17,17081847,23.77,18.21,20.990000000000002,19.3776,0,0,0,18.310152692554475
1747920600,24.75,26.5684,23.9203,25.82,18681195,23.77,18.21,20.990000000000002,19.3776,0,0,0,18.38487754138478
1748007000,25.335,25.515,24.67,25.42,14249928,23.77,18.21,20.990000000000002,19.3776,0,0,0,18.45487875987846
1748352600,26.6,28.76,26.58,28.76,21781500,23.77,18.21,20.990000000000002,19.3776,0,0,0,18.557417279680667
1748439000,29.91,30.78,28.5204,28.93,30832457,23.77,18.21,20.990000000000002,19.3776,0,0,0,18.6606270579923
1748525400,29.69,30.03,27.26,27.35,16382724,23.77,18.21,20.990000000000002,19.3776,0,0,0,18.747088480300835
1748611800,27.015,27.22,26.03,26.79,12706288,23.77,18.21,20.990000000000002,19.3776,0,0,0,18.8271174506461
1748871000,26.5,27,25.81,26.6,10757146,23.77,18.21,20.990000000000002,19.3776,0,0,0,18.904459565565045
1748957400,27.385,28,26.47,26.72,12186460,23.77,18.21,20.990000000000002,19.3776,0,0,0,18.98222613705196
1749043800,26.75,27.46,26.1603,26.91,11683044,30.78,20.2319,25.50595,22.447001,0,0,0,19.061109459071343
1749130200,26.88,26.96,25.52,26.45,28419065,30.78,20.2319,25.50595,22.447001,0,0,0,19.134630757986056
1749216600,28.16,29.09,26.35,28.92,34136532,30.78,20.2319,25.50595,22.447001,0,0,0,19.23199761611555
1749475800,30,32.7,28.3548,29.64,60217083,30.78,20.2319,25.50595,22.447001,0,0,0,19.33555982889052
1749562200,29.57,29.79,27,27.17,30798147,30.78,20.2319,25.50595,22.447001,0,0,0,19.413514457458774
1749648600,27.715,28.04,26.89,27.36,21283359,30.78,20.2319,25.50595,22.447001,0,0,0,19.492583965344757
1749735000,27.04,27.41,26.28,26.4,12967501,30.78,20.2319,25.50595,22.447001,0,0,0,19.561314473152272
1749821400,25.65,26.5097,25.24,25.41,15593935,30.78,20.2319,25.50595,22.447001,0,0,0,19.619510349041306
1750080600,25.87,26.58,25.6,26.55,13601318,32.7,25.52,29.11,27.0278,0,0,0,19.688470445070745
1750167000,26.1,27.22,25.71,26.42,14498908,32.7,25.52,29.11,27.0278,0,0,0,19.75545083865213
1750253400,26.4,28.065,26.23,27.85,18457723,32.7,25.52,29.11,27.0278,0,0,0,19.835993616376985
1750426200,28.35,30.11,27.84,30.04,37065965,32.7,25.52,29.11,27.0278,0,0,0,19.93752601820408
1750685400,28.925,32.93,28.44,32.78,44056812,32.7,25.52,29.11,27.0278,0,0,0,20.065311828968216
1750771800,33.08,34.23,32.43,33.46,28392644,32.7,25.52,29.11,27.0278,0,0,0,20.198592308281967
1750858200,34,34.5,31.78,32.35,22969836,32.7,25.52,29.11,27.0278,0,0,0,20.319501837552792
1750944600,32.41,37.27,32.41,36.14,41601812,32.7,25.52,29.11,27.0278,0,0,0,20.476919729716446
1751031000,36.645,37.66,34.83,35.38,75749287,32.7,25.52,29.11,27.0278,0,0,0,20.625209085639664
1751290200,36.535,37.95,35.42,35.77,18438352,32.7,25.52,29.11,27.0278,0,0,0,20.775903522598473
1751376600,37.015,38.26,33.88,34.33,26656511,32.7,25.52,29.11,27.0278,0,0,0,20.910770154214408
1751463000,34.39,35.79,33.73,35.68,14865574,32.7,25.52,29.11,27.0278,0,0,0,21.057727665117746
1751549400,35.79,36.21,35.25,35.66,7975973,32.7,25.52,29.11,27.0278,0,0,0,21.203023907255876
1751895000,36.98,39.06,35.275,38.88,35564138,32.7,25.52,29.11,27.0278,0,0,0,21.378914216636414
1751981400,38.49,39.94,37.98,38.74,27769372,32.7,25.52,29.11,27.0278,0,0,0,21.55166133885894
1752067800,38.53,39.43,37.77,39.14,16267272,32.7,25.52,29.11,27.0278,0,0,0,21.726669683745914
1752154200,39.17,39.68,38.13,39.1,13663829,32.7,25.52,29.11,27.0278,0,0,0,21.899538642116603
1752240600,38.97,40.3,38.6,39.03,16371475,32.7,25.52,29.11,27.0278,0,0,0,22.06999099393634
1752499800,39.3,43.47,38.77,43.21,29196169,32.7,25.52,29.11,27.0278,0,0,0,22.28033934225538
1752586200,43.29,45.48,42.8206,44.6,29999724,32.7,25.52,29.11,27.0278,0,0,0,22.502425517954332
1752672600,45.55,48.07,44.86,47.69,26770886,32.7,25.52,29.11,27.0278,0,0,0,22.75304814961648
1752759000,48.7,53.44,48.6,51.33,46760173,32.7,25.52,29.11,27.0278,0,0,0,23.037395929222285
1752845400,50.65,51.85,47.91,51.39,32919640,32.7,25.52,29.11,27.0278,0,0,0,23.31951139261311
1753104600,50.05,51.58,46.85,47.19,29305900,32.7,25.52,29.11,27.0278,0,0,0,23.557028692189096
1753191000,45.99,47.87,44.46,46.88,24381737,32.7,25.52,29.11,27.0278,0,0,0,23.78909805843597
1753277400,47.62,49.28,46.93,49.15,18179914,32.7,25.52,29.11,27.0278,0,0,0,24.04144534143661
1753363800,49.3,49.62,47.31,48.13,12600554,53.44,25.24,39.339999999999996,31.162,0,0,0,24.28113245246709
1753450200,47.9,48.23,46.45,47.43,14517933,53.44,25.24,39.339999999999996,31.162,0,0,0,24.511469442989807
1753709400,47.955,48.165,44.41,45.11,20928726,53.44,25.24,39.339999999999996,31.162,0,0,0,24.716429946044634
1753795800,45.41,45.51,42.83,43.79,14706515,53.44,25.24,39.339999999999996,31.162,0,0,0,24.90621671275066
1753882200,43.86,46.56,43.36,46.44,16853439,53.44,25.24,39.339999999999996,31.162,0,0,0,25.1204832131213
1753968600,46.37,47.72,45.43,45.92,13041472,53.44,25.24,39.339999999999996,31.162,0,0,0,25.327443579159894
1754055000,43.195,46.17,42.315,44.81,16566292,53.44,25.24,39.339999999999996,31.162,0,0,0,25.521299861954322
1754314200,45.1,45.8,44.0701,44.54,11625061,53.44,25.24,39.339999999999996,31.162,0,0,0,25.71054065934781
1754400600,45.12,45.38,43.13,44.75,10920434,53.44,25.24,39.339999999999996,31.162,0,0,0,25.899988015971214
1754487000,44.71,45.1,43.67,44.1,8051641,53.44,25.24,39.339999999999996,31.162,0,0,0,26.081082662578467
1754573400,44.185,44.58,43.1,44.21,21522059,53.44,25.24,39.339999999999996,31.162,0,0,0,26.26146989976674
1754659800,47.54,49.92,43.5,44.69,39170199,53.44,25.24,39.339999999999996,31.162,0,0,0,26.44483835847553
1754919000,44.65,46.1,41.505,45.02,24893549,53.44,25.24,39.339999999999996,31.162,0,0,0,26.629665837495672
1755005400,45.37,47.27,43.42,43.43,20922204,53.44,25.24,39.339999999999996,31.162,0,0,0,26.79683334160019
1755091800,44,44.7,42.44,43,14523637,53.44,25.24,39.339999999999996,31.162,0,0,0,26.95805888048974
1755178200,42.76,45.69,42.01,42.81,18472926,53.44,25.24,39.339999999999996,31.162,0,0,0,27.1157896378978
1755264600,42.975,44.88,41.75,44.27,14183124,49.92,42.315,46.1175,43.91205,0,0,0,27.286478298217226
1755523800,44.3,47.08,44.03,44.97,21268927,49.92,42.315,46.1175,43.91205,0,0,0,27.46243373803596
1755610200,45.1,45.16,40.9,40.92,24104830,49.92,42.315,46.1175,43.91205,0,0,0,27.5963398699958
1755696600,40.21,40.86,38.26,40.69,20325039,49.92,42.315,46.1175,43.91205,0,0,0,27.726625045418725
1755783000,40.78,41.87,40.22,41.53,14951474,49.92,42.315,46.1175,43.91205,0,0,0,27.86397205989217
1755869400,40.97,44.684,40.4194,44.38,18818248,49.92,42.315,46.1175,43.91205,0,0,0,28.028310646360904
1756128600,45.16,49.59,44.05,47.22,30133227,49.92,42.315,46.1175,43.91205,0,0,0,28.21927272948169
1756215000,47.73,50.92,47,48.13,47698035,49.92,42.315,46.1175,43.91205,0,0,0,28.41738941874058
1756301400,48.68,48.74,45.82,46.25,16784736,49.92,42.315,46.1175,43.91205,0,0,0,28.594828329996894
1756387800,46.88,47.975,45.34,47.91,16940195,49.92,42.315,46.1175,43.91205,0,0,0,28.787019092882495
1756474200,47.85,48.8,46.02,48.6,15897764,49.92,42.315,46.1175,43.91205,0,0,0,28.98416318151053
1756819800,46.75,49.54,45.68,49.31,20305189,49.92,42.315,46.1175,43.91205,0,0,0,29.186410314032816
1756906200,50.27,50.8999,43.5118,43.53,33322331,50.92,38.26,44.59,40.9186,0,0,0,29.329132599465325
1756992600,44.16,44.58,42.7,42.99,17273102,50.92,38.26,44.59,40.9186,0,0,0,29.465061628326367
1757079000,43.565,45.99,42.39,45.84,17361988,50.92,38.26,44.59,40.9186,0,0,0,29.627996338492274
1757338200,45.5,48.2,45.488,47.73,18846406,50.92,38.26,44.59,40.9186,0,0,0,29.80811577791026
1757424600,47.01,47.53,45.5117,47.03,13243732,50.92,38.26,44.59,40.9186,0,0,0,29.979477809970856
1757511000,47.53,48.11,45.6,46.17,11638482,50.92,38.26,44.59,40.9186,0,0,0,30.140577533254728
1757597400,46.32,49.665,46.055,48.43,22816313,50.92,38.26,44.59,40.9186,0,0,0,30.32256183640642
1757683800,48.98,54.03,48.6106,53.34,27889793,50.92,38.26,44.59,40.9186,0,0,0,30.551591071865065
1757943000,53.58,55.17,52.72,54.04,23957068,50.92,38.26,44.59,40.9186,0,0,0,30.7853065835878
1758029400,52,52.08,47.01,47.245,42608071,50.92,38.26,44.59,40.9186,0,0,0,30.9490846275322
1758115800,47.565,48.54,46.45,48.08,20731040,50.92,38.26,44.59,40.9186,0,0,0,31.11954149690999
1758202200,48.92,49.19,47,47.18,19434130,50.92,38.26,44.59,40.9186,0,0,0,31.279347054154666
1758288600,47.68,48.93,47.13,47.79,26870013,50.92,38.26,44.59,40.9186,0,0,0,31.443632158093425
1758547800,47.13,50.26,46.8,49.81,22995857,55.17,42.39,48.78,45.0738,0,0,0,31.626382086868617
1758634200,49.025,54.1579,47.9101,52.91,38063987,55.17,42.39,48.78,45.0738,0,0,0,31.83815937953659
1758720600,51.795,52.48,48.43,48.69,30681604,55.17,42.39,48.78,45.0738,0,0,0,32.00583938571036
1758807000,48,48.62,45.21,46.63,22418540,55.17,42.39,48.78,45.0738,0,0,0,32.15135342167344
1758893400,47.3,47.69,45.83,46.26,14907054,55.17,42.39,48.78,45.0738,0,0,0,32.291737964741365
1759152600,47.4,48.1,46.37,47.01,16145380,55.17,42.39,48.78,45.0738,0,0,0,32.438188333251404
1759239000,47.21,47.99,46.51,47.91,14856093,55.17,42.39,48.78,45.0738,0,0,0,32.59213670804492
1759325400,47.38,49.42,47.12,47.97,25640218,55.17,42.39,48.78,45.0738,0,0,0,32.745150273139
1759411800,48.64,52.65,48.51,52.47,35212859,55.17,42.39,48.78,45.0738,0,0,0,32.9414174346003
1759498200,52.05,56.9392,51.26,56.16,37741857,55.17,42.39,48.78,45.0738,0,0,0,33.17244810689283
1759757400,56.865,59.26,55.8,58.5,31020499,55.17,42.39,48.78,45.0738,0,0,0,33.424463548615286
1759843800,59.01,62.56,57.02,61.51,36545635,55.17,42.39,48.78,45.0738,0,0,0,33.703921622758415
1759930200,64.15,68.5341,63.65,65.31,36149875,55.17,42.39,48.78,45.0738,0,0,0,34.01840996482052
1760016600,64.9,68.5397,64.42,66.42,25844499,55.17,42.39,48.78,45.0738,0,0,0,34.34081384576758
1760103000,70.8,73.5,64.14,64.26,40876811,55.17,42.39,48.78,45.0738,0,0,0,34.63851719058581
1760362200,67.88,70.44,64.6221,65.42,26180258,55.17,42.39,48.78,45.0738,0,0,0,34.944800601624756
1760448600,65.34,69.67,62.19,68.03,27623545,55.17,42.39,48.78,45.0738,0,0,0,35.274006565787694
1760535000,70.02,73.97,67.08,69.27,26290819,55.17,42.39,48.78,45.0738,0,0,0,35.61227515717289
1760621400,70.07,72.25,66.4249,67,23835179,55.17,42.39,48.78,45.0738,0,0,0,35.92459082725077
1760707800,65.89,68.5,63.7,66.27,16892933,55.17,42.39,48.78,45.0738,0,0,0,36.22653519712887
1760967000,69.135,72.18,66.675,67.35,25835156,55.17,42.39,48.78,45.0738,0,0,0,36.53622141407286
1761053400,68.04,68.04,64.86,65.4,17508152,55.17,42.39,48.78,45.0738,0,0,0,36.82342319104726
1761139800,62.97,64.02,58.41,60.565,22149432,73.97,45.21,59.59,51.2496,0,0,0,37.05965778616122
1761226200,61.56,64.7,60.75,63.57,13226358,73.97,45.21,59.59,51.2496,0,0,0,37.323442285801406
1761312600,64.81,66.18,63.65,64.56,12041181,73.97,45.21,59.59,51.2496,0,0,0,37.594452810320796
1761571800,66.19,66.35,64.1501,65.62,19183285,73.97,45.21,59.59,51.2496,0,0,0,37.87331397638726
1761658200,65.675,66.54,63.61,63.75,11772870,73.97,45.21,59.59,51.2496,0,0,0,38.130793439308775
1761744600,64.145,67.39,63.48,66.16,17907153,73.97,45.21,59.59,51.2496,0,0,0,38.40969101702709
1761831000,65,65.18,60.89,60.92,12478959,73.97,45.21,59.59,51.2496,0,0,0,38.63367419098702
1761917400,61.77,63.4495,60.4004,62.98,13830091,73.97,45.21,59.59,51.2496,0,0,0,38.875926189086655
1762180200,63.03,63.1,59.13,61.34,11463477,73.97,45.21,59.59,51.2496,0,0,0,39.09944931158331
1762266600,57.8,59.4899,56.51,56.57,13725537,73.97,45.21,59.59,51.2496,0,0,0,39.27328563684119
1762353000,56.66,57.28,54.87,56.42,13254318,67.39,58.41,62.9,60.2958,0,0,0,39.44389971010645
1762439400,56.21,56.21,49.41,49.61,21053053,67.39,58.41,62.9,60.2958,0,0,0,39.54505493687156
1762525800,47.657,52.1,46.3109,51.64,25058754,67.39,58.41,62.9,60.2958,0,0,0,39.66540264894249
1762785000,53.74,54.5,50.76,51.9,22929766,67.39,58.41,62.9,60.2958,0,0,0,39.78713993601769
1762871400,56,56.96,51.21,51.24,33240062,67.39,58.41,62.9,60.2958,0,0,0,39.90109874262448
1762957800,51.93,55.33,49.6601,49.97,21987076,67.39,58.41,62.9,60.2958,0,0,0,40.001286814837165
1763044200,48.76,49.38,44.37,45.25,26517134,67.39,58.41,62.9,60.2958,0,0,0,40.05351281667958
1763130600,43.71,47.22,43.3,45.54,21107143,67.39,58.41,62.9,60.2958,0,0,0,40.108104728951425
1763389800,45.15,45.682,42.225,43.31,17583509,67.39,58.41,62.9,60.2958,0,0,0,40.13996438338972
1763476200,42.22,43.61,41.23,42.78,16982022,67.39,58.41,62.9,60.2958,0,0,0,40.16623339450027
1763562600,42.5,44.53,42.43,43.62,15303963,67.39,58.41,62.9,60.2958,0,0,0,40.20059923137091
1763649000,46.08,46.26,39.32,39.48,25029291,67.39,58.41,62.9,60.2958,0,0,0,40.193429089765225
1763735400,39.83,41.045,37.57,40.3,18869983,67.39,58.41,62.9,60.2958,0,0,0,40.19448949683224
1763994600,40.76,42.53,39.3,42.45,20280997,67.39,58.41,62.9,60.2958,0,0,0,40.21693238741102
1764081000,42.03,42.805,40.38,42.6,10568827,67.39,58.41,62.9,60.2958,0,0,0,40.24064450295917
1764167400,43.24,43.5898,41.3799,41.93,10906064,67.39,58.41,62.9,60.2958,0,0,0,40.257454010392415
1764340200,42.51,42.6999,41.8,42.14,5636841,67.39,58.41,62.9,60.2958,0,0,0,40.27618581128403
1764599400,41.15,41.3,39.98,40.37,13260625,67.39,58.41,62.9,60.2958,0,0,0,40.27711928579862
1764685800,40.56,42.9896,40.42,41.9,13390810,67.39,58.41,62.9,60.2958,0,0,0,40.29326735260659
1764772200,41.895,44.74,41.5,44.72,14385205,67.39,58.41,62.9,60.2958,0,0,0,40.33731444362543
1764858600,45.645,49.68,44.82,49.37,28366585,67.39,58.41,62.9,60.2958,0,0,0,40.42719191184806
1764945000,48.875,49.6999,47.7,49.055,14633125,67.39,58.41,62.9,60.2958,0,0,0,40.51304074854609
1765204200,50.08,52.37,49.22,51.56,21748454,67.39,58.41,62.9,60.2958,0,0,0,40.62296074109787
1765290600,51.23,53.75,50.34,53.43,17526159,67.39,58.41,62.9,60.2958,0,0,0,40.75039396755461
1765377000,53.44,58.83,52.25,57.52,38839854,67.39,58.41,62.9,60.2958,0,0,0,40.91725571912123
1765463400,57.51,64.15,56.85,63.53,31378814,67.39,58.41,62.9,60.2958,0,0,0,41.14225814977674
1765549800,62.5,65.18,59.8,61.49,33545330,67.39,58.41,62.9,60.2958,0,0,0,41.344723242813785
1765809000,63.052,64.56,55.08,55.41,32932215,67.39,58.41,62.9,60.2958,0,0,0,41.48467624537285
1765895400,54.19,56.73,52.68,55.49,22447398,67.39,58.41,62.9,60.2958,0,0,0,41.62403270064277
1765981800,56.1,56.91,53.085,53.96,23761067,67.39,58.41,62.9,60.2958,0,0,0,41.74677864391996
1766068200,56.2,60.25,56.03,59.92,27939357,67.39,58.41,62.9,60.2958,0,0,0,41.927606717114784
1766154600,61.12,70.56,60.7465,70.52,52764831,67.39,58.41,62.9,60.2958,0,0,0,42.21210814281513
1766413800,72.94,78.45,72.752,77.55,48279566,67.39,58.41,62.9,60.2958,0,0,0,42.56372895731448
1766500200,73.81,79.1799,73.29,77.18,35673312,67.39,58.41,62.9,60.2958,0,0,0,42.9081694652019
1766586600,78.035,79.83,74.8007,77.18,16720593,67.39,58.41,62.9,60.2958,0,0,0,43.24918270435412
1766759400,76.68,76.99,70.39,70.65,23157785,67.39,58.41,62.9,60.2958,0,0,0,43.5218276525695
1767018600,69.5,72.74,69.322,70.12,18294098,67.39,58.41,62.9,60.2958,0,0,0,43.78648608388721
1767105000,73.025,74.69,70.44,70.45,30151682,67.39,58.41,62.9,60.2958,0,0,0,44.05179468006744
1767191400,71.5,73.1959,69.13,69.76,17594248,67.39,58.41,62.9,60.2958,0,0,0,44.307597718076714
1767364200,70.63,76.24,66.85,75.99,31517644,79.83,37.57,58.7,46.4446,0,0,0,44.62284550197645
1767623400,74.62,78.25,71.31,78.14,33498622,79.83,37.57,58.7,46.4446,0,0,0,44.956349526832405
1767709800,77.76,86.25,74.05,86.03,43669685,79.83,37.57,58.7,46.4446,0,0,0,45.36504256636641
1767796200,84.1,85.9599,81.85,84.08,28603484,79.83,37.57,58.7,46.4446,0,0,0,45.750266023417495
1767882600,85.5,89.87,82.26,83.08,29874189,79.83,37.57,58.7,46.4446,0,0,0,46.12170616248797
1767969000,84.525,88.4299,82.45,84.85,23780421,79.83,37.57,58.7,46.4446,0,0,0,46.50706232007515
1768228200,84.98,88.8399,83.4189,87.9,22125035,79.83,37.57,58.7,46.4446,0,0,0,46.918932346741066
1768314600,89.14,89.7292,85.6501,86.58,21759465,79.83,37.57,58.7,46.4446,0,0,0,47.31356983582822
1768401000,86.35,92.19,84.5,91.8,28345962,79.83,37.57,58.7,46.4446,0,0,0,47.75622088223789
1768487400,89.265,92.459,86.65,90.76,24810294,79.83,37.57,58.7,46.4446,0,0,0,48.18411918191712
1768573800,92.525,99.58,92.4,96.3,36105306,79.83,37.57,58.7,46.4446,0,0,0,48.66288416518162
1768919400,93.7,98.2699,88.3,89.16,29300928,79.83,37.57,58.7,46.4446,0,0,0,49.065840541647475
1769005800,90.02,91.25,82.71,87.82,30538728,79.83,37.57,58.7,46.4446,0,0,0,49.451454068596256
1769092200,86.38,89.4,81.3506,87.98,30063005,79.83,37.57,58.7,46.4446,0,0,0,49.83482268482913
1769178600,89.055,94.4499,86.12,88.9,24380957,79.83,37.57,58.7,46.4446,0,0,0,50.22353091682088
1769437800,86.745,87.16,80.01,80.48,21659884,99.58,66.85,83.215,73.7233,0,0,0,50.52459031068336
1769524200,82.89,87,82,87,17676463,99.58,66.85,83.215,73.7233,0,0,0,50.887529710577056
1769610600,87.22,89.8,86.0276,88.57,16262985,99.58,66.85,83.215,73.7233,0,0,0,51.26247966370564