time,open,high,low,close,Swing High,Swing Low,EQ (0.5),Fib 0.79 ENTRY,BUY Strong,BUY Medium,BUY Weak,EMA 200
1768284000,3.14307,3.148095,3.14307,3.147125,3.164645,3.13993,3.1522875,3.1451201500000003,0,0,0,3.1659506525928665
1768287600,3.147125,3.147565,3.141965,3.14201,3.164645,3.13993,3.1522875,3.1451201500000003,0,0,0,3.1657124371441814
1768291200,3.14201,3.142135,3.134465,3.139995,3.164645,3.13993,3.1522875,3.1451201500000003,0,0,0,3.1654565422472243
1768294800,3.139995,3.144715,3.138505,3.13974,3.164645,3.13993,3.1522875,3.1451201500000003,0,0,0,3.1652006562547146
1768298400,3.13974,3.14856,3.13961,3.148005,3.164645,3.13993,3.1522875,3.1451201500000003,0,0,0,3.165029555197454
1768302000,3.148005,3.150525,3.146255,3.147855,3.164645,3.13993,3.1522875,3.1451201500000003,0,0,0,3.164858664100962
1768305600,3.147855,3.151735,3.147275,3.15058,3.164645,3.13993,3.1522875,3.1451201500000003,0,0,0,3.164716587841251
1768309200,3.15058,3.15233,3.13995,3.1457,3.164645,3.13993,3.1522875,3.1451201500000003,0,0,0,3.1645273680617363
1768312800,3.1457,3.15212,3.144695,3.1518,3.164645,3.13993,3.1522875,3.1451201500000003,0,0,0,3.16440072758351
1768316400,3.1518,3.15493,3.14538,3.1454,3.164645,3.13993,3.1522875,3.1451201500000003,0,0,0,3.164211665617505
1768320000,3.1454,3.146885,3.141685,3.143785,3.164645,3.13993,3.1522875,3.1451201500000003,0,0,0,3.1640084152133507
1768323600,3.143785,3.14734,3.14352,3.146925,3.164645,3.13993,3.1522875,3.1451201500000003,0,0,0,3.163838430982372
1768327200,3.146925,3.15045,3.146105,3.14886,3.164645,3.13993,3.1522875,3.1451201500000003,0,0,0,3.1636893918681195
1768330800,3.14886,3.15003,3.147485,3.1491,3.164645,3.13993,3.1522875,3.1451201500000003,0,0,0,3.1635442237898297
1768334400,3.1491,3.15071,3.148055,3.149305,3.15493,3.112925,3.1339275,3.12174605,0,0,0,3.1634025399710253
1768338000,3.149305,3.152835,3.148735,3.15261,3.15493,3.112925,3.1339275,3.12174605,0,0,0,3.1632951515136023
1768341600,3.15261,3.152895,3.1461,3.147605,3.15493,3.112925,3.1339275,3.12174605,0,0,0,3.1631390306030194
1768345200,3.147605,3.152135,3.14642,3.150085,3.15493,3.112925,3.1339275,3.12174605,0,0,0,3.163009139751248
1768348800,3.150085,3.152055,3.143965,3.144015,3.15493,3.112925,3.1339275,3.12174605,0,0,0,3.162820143335813
1768352400,3.144015,3.14756,3.143915,3.14613,3.15493,3.112925,3.1339275,3.12174605,0,0,0,3.1626540722578445
1768356000,3.14613,3.14789,3.1439,3.145705,3.15493,3.112925,3.1339275,3.12174605,0,0,0,3.162485424772692
1768359600,3.145705,3.146755,3.14447,3.14547,3.15493,3.112925,3.1339275,3.12174605,0,0,0,3.162316117063511
1768363200,3.14547,3.14654,3.1453,3.145875,3.15493,3.112925,3.1339275,3.12174605,0,0,0,3.162152523858899
1768366800,3.145875,3.145875,3.14504,3.145585,3.15493,3.112925,3.1339275,3.12174605,0,0,0,3.1619876728752283
1768370400,3.145585,3.14977,3.145265,3.14823,3.15493,3.112925,3.1339275,3.12174605,0,0,0,3.161850780607813
1768374000,3.14823,3.14961,3.14554,3.14945,3.15493,3.112925,3.1339275,3.12174605,0,0,0,3.1617273897559937
1768377600,3.14945,3.14968,3.143515,3.144275,3.15493,3.112925,3.1339275,3.12174605,0,0,0,3.161553734136531
1768381200,3.144275,3.145695,3.14214,3.14554,3.15493,3.112925,3.1339275,3.12174605,0,0,0,3.1613943934983566
1768384800,3.14554,3.15381,3.144645,3.153745,3.15493,3.112925,3.1339275,3.12174605,0,0,0,3.1613182801302138
1768388400,3.153745,3.154105,3.14869,3.15216,3.15493,3.112925,3.1339275,3.12174605,0,0,0,3.161227152964739
1768392000,3.15216,3.157445,3.14914,3.157325,3.15493,3.112925,3.1339275,3.12174605,0,0,0,3.1611883255720548
1768395600,3.157325,3.163185,3.157325,3.16199,3.15493,3.112925,3.1339275,3.12174605,0,0,0,3.1611963024320344
1768399200,3.16199,3.164485,3.16021,3.16165,3.15493,3.112925,3.1339275,3.12174605,0,0,0,3.161200816835696
1768402800,3.16165,3.163005,3.154315,3.154965,3.15493,3.112925,3.1339275,3.12174605,0,0,0,3.1611387689069828
1768406400,3.154965,3.159675,3.15398,3.159075,3.15493,3.112925,3.1339275,3.12174605,0,0,0,3.161118233892983
1768410000,3.159075,3.16525,3.158505,3.1648,3.15493,3.112925,3.1339275,3.12174605,0,0,0,3.16115486838161
1768413600,3.1648,3.1648,3.16251,3.16284,3.15493,3.112925,3.1339275,3.12174605,0,0,0,3.1611716358604
1768417200,3.16284,3.16361,3.161205,3.162535,3.15493,3.112925,3.1339275,3.12174605,0,0,0,3.161185201672734
1768420800,3.162535,3.16306,3.150065,3.15089,3.15493,3.112925,3.1339275,3.12174605,0,0,0,3.161082761855095
1768424400,3.15089,3.159295,3.145585,3.15463,3.15493,3.112925,3.1339275,3.12174605,0,0,0,3.161018555269472
1768428000,3.15463,3.15701,3.14746,3.1557,3.16525,3.14214,3.153695,3.1469931,0,0,0,3.160965634321517
1768431600,3.1557,3.15662,3.153955,3.155305,3.16525,3.14214,3.153695,3.1469931,0,0,0,3.1609093096019
1768435200,3.155305,3.15781,3.15233,3.15493,3.16525,3.14214,3.153695,3.1469931,0,0,0,3.1608498139839707
1768438800,3.15493,3.1582,3.15209,3.15479,3.16525,3.14214,3.153695,3.1469931,0,0,0,3.1607895173274136
1768442400,3.15479,3.159745,3.15101,3.15748,3.16525,3.14214,3.153695,3.1469931,0,0,0,3.160756586806743
1768446000,3.15748,3.159075,3.15526,3.15587,3.16525,3.14214,3.153695,3.1469931,0,0,0,3.160707964052447
1768449600,3.15587,3.15647,3.155405,3.15609,3.16525,3.14214,3.153695,3.1469931,0,0,0,3.160662014161378
1768453200,3.15609,3.156505,3.1538,3.154695,3.16525,3.14214,3.153695,3.1469931,0,0,0,3.1606026408861405
1768456800,3.154695,3.15542,3.150245,3.15383,3.16525,3.14214,3.153695,3.1469931,0,0,0,3.160535251424587
1768460400,3.15383,3.158465,3.153535,3.158275,3.159745,3.145585,3.152665,3.1485586,0,0,0,3.1605127613606605
1768464000,3.158275,3.158355,3.15245,3.155125,3.159745,3.145585,3.152665,3.1485586,0,0,0,3.160459151794883
1768467600,3.155125,3.15665,3.154475,3.155315,3.159745,3.145585,3.152665,3.1485586,0,0,0,3.160407966204884
1768471200,3.155315,3.1571,3.154505,3.156025,3.159745,3.145585,3.152665,3.1485586,0,0,0,3.1603643546008553
1768474800,3.156025,3.1572,3.152705,3.152885,3.159745,3.145585,3.152665,3.1485586,0,0,0,3.1602899331620407
1768478400,3.152885,3.156785,3.15238,3.15614,3.159745,3.145585,3.152665,3.1485586,0,0,0,3.1602486402947565
1768482000,3.15614,3.16205,3.15525,3.157875,3.159745,3.145585,3.152665,3.1485586,0,0,0,3.160225021983366
1768485600,3.157875,3.158365,3.152035,3.154125,3.159745,3.145585,3.152665,3.1485586,0,0,0,3.160164325247213
1768489200,3.154125,3.154755,3.140375,3.143155,3.159745,3.145585,3.152665,3.1485586,0,0,0,3.159995078229828
1768492800,3.143155,3.14482,3.140645,3.14301,3.159745,3.145585,3.152665,3.1485586,0,0,0,3.159826072476297
1768496400,3.14301,3.14701,3.14203,3.144995,3.159745,3.145585,3.152665,3.1485586,0,0,0,3.1596784996158367
1768500000,3.144995,3.145895,3.14237,3.14487,3.16205,3.150245,3.1561475,3.15272405,0,0,0,3.1595311513609525
1768503600,3.14487,3.147875,3.14304,3.14747,3.16205,3.150245,3.1561475,3.15272405,0,0,0,3.1594111399046247
1768507200,3.14747,3.149275,3.14605,3.14665,3.16205,3.150245,3.1561475,3.15272405,0,0,0,3.1592841633881608
1768510800,3.14665,3.151885,3.14597,3.149935,3.16205,3.150245,3.1561475,3.15272405,0,0,0,3.159191136886786
1768514400,3.149935,3.15145,3.13835,3.14499,3.16205,3.150245,3.1561475,3.15272405,0,0,0,3.1590498320421414
1768518000,3.14499,3.14685,3.14437,3.14587,3.16205,3.150245,3.1561475,3.15272405,0,0,0,3.1589186894347567
1768521600,3.14587,3.14682,3.137755,3.139775,3.16205,3.150245,3.1561475,3.15272405,0,0,0,3.158728204962769
1768525200,3.139775,3.142365,3.137535,3.13992,3.16205,3.150245,3.1561475,3.15272405,0,0,0,3.1585410586447313
1768528800,3.13992,3.142305,3.13736,3.14091,3.151885,3.140375,3.1461300000000003,3.1427921000000003,0,0,0,3.1583656252253807
1768532400,3.14091,3.141355,3.139165,3.139485,3.151885,3.140375,3.1461300000000003,3.1427921000000003,0,0,0,3.158177758307715
1768536000,3.139485,3.14023,3.13877,3.139185,3.151885,3.140375,3.1461300000000003,3.1427921000000003,0,0,0,3.1579887756379867
1768539600,3.139185,3.140385,3.13903,3.139795,3.151885,3.140375,3.1461300000000003,3.1427921000000003,0,0,0,3.157807743044574
1768543200,3.139795,3.14059,3.1379,3.138655,3.151885,3.140375,3.1461300000000003,3.1427921000000003,0,0,0,3.1576171684869165
1768546800,3.138655,3.13991,3.135185,3.13678,3.151885,3.140375,3.1461300000000003,3.1427921000000003,0,0,0,3.1574098334770966
1768550400,3.13678,3.139925,3.133825,3.135015,3.151885,3.140375,3.1461300000000003,3.1427921000000003,0,0,0,3.1571869993131454
1768554000,3.135015,3.139655,3.1346,3.13906,3.151885,3.140375,3.1461300000000003,3.1427921000000003,0,0,0,3.1570066311607756
1768557600,3.13906,3.139215,3.136,3.13613,3.151885,3.140375,3.1461300000000003,3.1427921000000003,0,0,0,3.156798903487534
1768561200,3.13613,3.137355,3.13538,3.13701,3.151885,3.140375,3.1461300000000003,3.1427921000000003,0,0,0,3.15660199897522
1768564800,3.13701,3.14936,3.136745,3.14902,3.151885,3.140375,3.1461300000000003,3.1427921000000003,0,0,0,3.1565265561993474
1768568400,3.14902,3.15073,3.14431,3.147365,3.151885,3.140375,3.1461300000000003,3.1427921000000003,0,0,0,3.1564353964361698
1768572000,3.147365,3.14978,3.146565,3.147625,3.151885,3.140375,3.1461300000000003,3.1427921000000003,0,0,0,3.1563477307999888
1768575600,3.147625,3.151155,3.142095,3.145085,3.151885,3.140375,3.1461300000000003,3.1427921000000003,0,0,0,3.1562356638268545
1768579200,3.145085,3.145995,3.1412,3.142625,3.151885,3.140375,3.1461300000000003,3.1427921000000003,0,0,0,3.15610023433604
1768582800,3.142625,3.144325,3.141635,3.14361,3.151885,3.140375,3.1461300000000003,3.1427921000000003,0,0,0,3.155975953397373
1768586400,3.14361,3.14411,3.14266,3.142965,3.151885,3.140375,3.1461300000000003,3.1427921000000003,0,0,0,3.1558464911745134
1768590000,3.142965,3.14637,3.14249,3.14576,3.151885,3.140375,3.1461300000000003,3.1427921000000003,0,0,0,3.1557461280782495
1768593600,3.14576,3.14616,3.14359,3.144535,3.151155,3.133825,3.14249,3.1374643,0,0,0,3.155634574565033
1768597200,3.144535,3.147725,3.142525,3.14381,3.151155,3.133825,3.14249,3.1374643,0,0,0,3.1555169171066746
1768773600,3.14381,3.151095,3.13928,3.148145,3.151155,3.133825,3.14249,3.1374643,0,0,0,3.155443564697653
1768777200,3.148145,3.15353,3.14655,3.15068,3.151155,3.133825,3.14249,3.1374643,0,0,0,3.155396166043945
1768780800,3.15068,3.15171,3.14613,3.147135,3.151155,3.133825,3.14249,3.1374643,0,0,0,3.1553139653867914
1768784400,3.147135,3.14987,3.145125,3.147985,3.151155,3.133825,3.14249,3.1374643,0,0,0,3.1552410403580673
1768788000,3.147985,3.14892,3.145315,3.14686,3.151155,3.133825,3.14249,3.1374643,0,0,0,3.1551576469216687
1768791600,3.14686,3.151175,3.14575,3.151125,3.151155,3.133825,3.14249,3.1374643,0,0,0,3.155117521081652
1768795200,3.151125,3.15547,3.15027,3.15474,3.151155,3.133825,3.14249,3.1374643,0,0,0,3.155113764652979
1768798800,3.15474,3.15791,3.153675,3.15644,3.151155,3.133825,3.14249,3.1374643,0,0,0,3.1551269610245916
1768802400,3.15644,3.16403,3.15575,3.156845,3.151155,3.133825,3.14249,3.1374643,0,0,0,3.1551440559397697
1768806000,3.156845,3.16411,3.1566,3.161485,3.151155,3.133825,3.14249,3.1374643,0,0,0,3.155207149910518
1768809600,3.161485,3.16308,3.157925,3.16089,3.151155,3.133825,3.14249,3.1374643,0,0,0,3.1552636956825526
1768813200,3.16089,3.165955,3.159445,3.163685,3.151155,3.133825,3.14249,3.1374643,0,0,0,3.155347489755363
1768816800,3.163685,3.16639,3.163575,3.16638,3.151155,3.133825,3.14249,3.1374643,0,0,0,3.1554572659767026
1768820400,3.16638,3.16644,3.162345,3.163055,3.151155,3.133825,3.14249,3.1374643,0,0,0,3.155532865320218
1768824000,3.163055,3.16347,3.15965,3.160095,3.151155,3.133825,3.14249,3.1374643,0,0,0,3.155578259695141
1768827600,3.160095,3.16135,3.158755,3.159545,3.151155,3.133825,3.14249,3.1374643,0,0,0,3.155617729747926
1768831200,3.159545,3.16092,3.15676,3.15676,3.151155,3.133825,3.14249,3.1374643,0,0,0,3.155629095621081
1768834800,3.15676,3.158095,3.15344,3.155305,3.151155,3.133825,3.14249,3.1374643,0,0,0,3.1556258707890303
1768838400,3.155305,3.15564,3.15469,3.15514,3.16644,3.13928,3.15286,3.1449835999999998,0,0,0,3.155621036253816
1768842000,3.15514,3.161395,3.154425,3.15795,3.16644,3.13928,3.15286,3.1449835999999998,0,0,0,3.1556442100224347
1768845600,3.15795,3.158285,3.154615,3.15758,3.16644,3.13928,3.15286,3.1449835999999998,0,0,0,3.1556634716142513
1768849200,3.15758,3.15905,3.15758,3.15851,3.16644,3.13928,3.15286,3.1449835999999998,0,0,0,3.155691795279781
1768852800,3.15851,3.1592,3.15843,3.15878,3.16644,3.13928,3.15286,3.1449835999999998,0,0,0,3.1557225236849575
1768856400,3.15878,3.16009,3.15487,3.157285,3.16644,3.13928,3.15286,3.1449835999999998,0,0,0,3.155738070712968
1768860000,3.157285,3.15929,3.14152,3.156145,3.16644,3.13928,3.15286,3.1449835999999998,0,0,0,3.1557421197606
1768863600,3.156145,3.15941,3.155015,3.15677,3.16644,3.13928,3.15286,3.1449835999999998,0,0,0,3.1557523474246736
1768867200,3.15677,3.159075,3.15483,3.15545,3.16644,3.13928,3.15286,3.1449835999999998,0,0,0,3.1557493389925875
1768870800,3.15545,3.15649,3.151745,3.15336,3.16644,3.13928,3.15286,3.1449835999999998,0,0,0,3.155725564475248
1768874400,3.15336,3.1552,3.15222,3.15362,3.16644,3.13928,3.15286,3.1449835999999998,0,0,0,3.1557046135849474
1768878000,3.15362,3.154425,3.152715,3.15378,3.16644,3.13928,3.15286,3.1449835999999998,0,0,0,3.1556854632010176
1768881600,3.15378,3.15477,3.15363,3.154075,3.16644,3.13928,3.15286,3.1449835999999998,0,0,0,3.1556694386915547
1768885200,3.154075,3.15519,3.153865,3.15511,3.16644,3.13928,3.15286,3.1449835999999998,0,0,0,3.15566387213741
1768888800,3.15511,3.16284,3.15511,3.16207,3.16644,3.13928,3.15286,3.1449835999999998,0,0,0,3.1557276147032067
1768892400,3.16207,3.16207,3.158105,3.15978,3.16644,3.13928,3.15286,3.1449835999999998,0,0,0,3.155767936944966
1768896000,3.15978,3.16968,3.158745,3.169435,3.16644,3.13928,3.15286,3.1449835999999998,0,0,0,3.1559039276221306
1768899600,3.169435,3.181695,3.16821,3.1778,3.16644,3.13928,3.15286,3.1449835999999998,0,0,0,3.1561217989890746
1768903200,3.1778,3.17897,3.171555,3.174365,3.16644,3.13928,3.15286,3.1449835999999998,0,0,0,3.156303323377243
1768906800,3.174365,3.174845,3.16524,3.16592,3.16644,3.13928,3.15286,3.1449835999999998,0,0,0,3.1563990117018474
1768910400,3.16592,3.17056,3.16573,3.168245,3.16644,3.13928,3.15286,3.1449835999999998,0,0,0,3.1565168822321774
1768914000,3.168245,3.175245,3.16756,3.170665,3.16644,3.13928,3.15286,3.1449835999999998,0,0,0,3.1566576595233995
1768917600,3.170665,3.17099,3.165115,3.16744,3.181695,3.14152,3.1616074999999997,3.14995675,0,0,0,3.156764946493316
1768921200,3.16744,3.16756,3.158585,3.163255,3.181695,3.14152,3.1616074999999997,3.14995675,0,0,0,3.1568295241401487
1768924800,3.163255,3.16378,3.158455,3.15873,3.181695,3.14152,3.1616074999999997,3.14995675,0,0,0,3.1568484343477095
1768928400,3.15873,3.167365,3.1584,3.166605,3.181695,3.14152,3.1616074999999997,3.14995675,0,0,0,3.156945514602956
1768932000,3.166605,3.16929,3.165555,3.16912,3.181695,3.14152,3.1616074999999997,3.14995675,0,0,0,3.157066653761136
1768935600,3.16912,3.17225,3.16895,3.17166,3.181695,3.14152,3.1616074999999997,3.14995675,0,0,0,3.157211861186398
1768939200,3.17166,3.17177,3.1674,3.1685,3.181695,3.14152,3.1616074999999997,3.14995675,0,0,0,3.157324180975588
1768942800,3.1685,3.170725,3.16828,3.170725,3.181695,3.14152,3.1616074999999997,3.14995675,0,0,0,3.157457522458418
1768946400,3.170725,3.174545,3.16853,3.17252,3.181695,3.14152,3.1616074999999997,3.14995675,0,0,0,3.1576073978568413
1768950000,3.17252,3.17273,3.17042,3.17165,3.181695,3.14152,3.1616074999999997,3.14995675,0,0,0,3.1577471252413503
1768953600,3.17165,3.17501,3.170295,3.17169,3.181695,3.14152,3.1616074999999997,3.14995675,0,0,0,3.1578858603135758
1768957200,3.17169,3.173265,3.170765,3.171245,3.181695,3.14152,3.1616074999999997,3.14995675,0,0,0,3.158018787076625
1768960800,3.171245,3.172715,3.170195,3.171055,3.181695,3.14152,3.1616074999999997,3.14995675,0,0,0,3.1581485006380516
1768964400,3.171055,3.173285,3.170135,3.17221,3.181695,3.14152,3.1616074999999997,3.14995675,0,0,0,3.1582884160545883
1768968000,3.17221,3.172565,3.170205,3.170205,3.181695,3.14152,3.1616074999999997,3.14995675,0,0,0,3.1584069890291695
1768971600,3.170205,3.171095,3.16897,3.1692,3.17501,3.1584,3.166705,3.1618881,0,0,0,3.158514382173158
1768975200,3.1692,3.169635,3.16456,3.16662,3.17501,3.1584,3.166705,3.1618881,0,0,0,3.158595035086858
1768978800,3.16662,3.167465,3.16144,3.164445,3.17501,3.1584,3.166705,3.1618881,0,0,0,3.158653243692959
1768982400,3.164445,3.166075,3.16233,3.164975,3.17501,3.1584,3.166705,3.1618881,0,0,0,3.1587161467407903
1768986000,3.164975,3.170565,3.16495,3.16927,3.17501,3.1584,3.166705,3.1618881,0,0,0,3.158821160206056
1768989600,3.16927,3.16977,3.16773,3.169615,3.17501,3.1584,3.166705,3.1618881,0,0,0,3.1589285615970404
1768993200,3.169615,3.175075,3.16866,3.175075,3.17501,3.1584,3.166705,3.1618881,0,0,0,3.159089222675677
1768996800,3.175075,3.175475,3.171345,3.172955,3.17501,3.1584,3.166705,3.1618881,0,0,0,3.1592271906092524
1769000400,3.172955,3.175165,3.170685,3.172605,3.17501,3.1584,3.166705,3.1618881,0,0,0,3.1593603031405038
1769004000,3.172605,3.17313,3.158105,3.159475,3.17501,3.1584,3.166705,3.1618881,0,0,0,3.159361444402787
1769007600,3.159475,3.160475,3.15153,3.152065,3.17501,3.1584,3.166705,3.1618881,0,0,0,3.1592888429659434
1769011200,3.152065,3.16128,3.151335,3.16126,3.17501,3.1584,3.166705,3.1618881,0,0,0,3.1593084564687697
1769014800,3.16126,3.16591,3.16017,3.162185,3.175475,3.16144,3.1684574999999997,3.1643873499999997,0,0,0,3.1593370787924635
1769018400,3.162185,3.16404,3.161265,3.161345,3.175475,3.16144,3.1684574999999997,3.1643873499999997,0,0,0,3.1593570581079615
1769022000,3.161345,3.16184,3.146225,3.14655,3.175475,3.16144,3.1684574999999997,3.1643873499999997,0,0,0,3.159229624693952
1769025600,3.14655,3.1509,3.146125,3.147005,3.175475,3.16144,3.1684574999999997,3.1643873499999997,0,0,0,3.1591079866372955
1769029200,3.147005,3.14908,3.145195,3.149065,3.175475,3.16144,3.1684574999999997,3.1643873499999997,0,0,0,3.159008056421999
1769032800,3.149065,3.157865,3.146125,3.152255,3.175475,3.16144,3.1684574999999997,3.1643873499999997,0,0,0,3.1589408618307355
1769036400,3.152255,3.15611,3.150885,3.15489,3.175475,3.16144,3.1684574999999997,3.1643873499999997,0,0,0,3.158900554747843
1769040000,3.15489,3.156165,3.148415,3.1499,3.175475,3.16144,3.1684574999999997,3.1643873499999997,0,0,0,3.158810996989158
1769043600,3.1499,3.151285,3.14809,3.149755,3.175475,3.16144,3.1684574999999997,3.1643873499999997,0,0,0,3.15872088756638
1769047200,3.149755,3.15107,3.14888,3.150025,3.175475,3.16144,3.1684574999999997,3.1643873499999997,0,0,0,3.1586343613219388
1769050800,3.150025,3.150165,3.1463,3.146655,3.175475,3.16144,3.1684574999999997,3.1643873499999997,0,0,0,3.158515163696845
1769054400,3.146655,3.147515,3.145895,3.14683,3.175475,3.16144,3.1684574999999997,3.1643873499999997,0,0,0,3.158398893411304
1769058000,3.14683,3.14699,3.143795,3.14509,3.175475,3.16144,3.1684574999999997,3.1643873499999997,0,0,0,3.1582664666111917
1769061600,3.14509,3.157185,3.14499,3.155875,3.175475,3.16144,3.1684574999999997,3.1643873499999997,0,0,0,3.158242670923518
1769065200,3.155875,3.156425,3.15145,3.15229,3.175475,3.16144,3.1684574999999997,3.1643873499999997,0,0,0,3.158183440367065
1769068800,3.15229,3.15229,3.139555,3.141925,3.175475,3.16144,3.1684574999999997,3.1643873499999997,0,0,0,3.1580216648410246
1769072400,3.141925,3.146125,3.139025,3.140055,3.175475,3.16144,3.1684574999999997,3.1643873499999997,0,0,0,3.1578428920565367
1769076000,3.140055,3.143655,3.13797,3.13811,3.175475,3.16144,3.1684574999999997,3.1643873499999997,0,0,0,3.1576465448718944
1769079600,3.13811,3.14499,3.13811,3.142695,3.157185,3.145195,3.15119,3.1477129,0,0,0,3.157497773281129
1769083200,3.142695,3.146735,3.13983,3.139975,3.157185,3.145195,3.15119,3.1477129,0,0,0,3.157323417328083
1769086800,3.139975,3.142185,3.13922,3.140705,3.157185,3.145195,3.15119,3.1477129,0,0,0,3.157158059941734
1769090400,3.140705,3.144705,3.13761,3.143405,3.157185,3.145195,3.15119,3.1477129,0,0,0,3.1570212135741547
1769094000,3.143405,3.143405,3.134425,3.136785,3.157185,3.145195,3.15119,3.1477129,0,0,0,3.156819858215208
1769097600,3.136785,3.13918,3.134555,3.13533,3.157185,3.145195,3.15119,3.1477129,0,0,0,3.1566060287802307
1769101200,3.13533,3.13574,3.13379,3.134575,3.157185,3.145195,3.15119,3.1477129,0,0,0,3.156386814563512
1769104800,3.134575,3.137175,3.13456,3.13643,3.157185,3.145195,3.15119,3.1477129,0,0,0,3.1561882392942233
1769108400,3.13643,3.136525,3.13424,3.136025,3.157185,3.145195,3.15119,3.1477129,0,0,0,3.155987610047515
1769112000,3.136025,3.139855,3.135995,3.139585,3.157185,3.145195,3.15119,3.1477129,0,0,0,3.155824399997291
1769115600,3.139585,3.14064,3.137465,3.14042,3.157185,3.145195,3.15119,3.1477129,0,0,0,3.1556711223853773
1769119200,3.14042,3.143535,3.13729,3.142475,3.157185,3.145195,3.15119,3.1477129,0,0,0,3.155539817685025
1769122800,3.142475,3.142475,3.136835,3.13988,3.157185,3.145195,3.15119,3.1477129,0,0,0,3.155383998603582
1769126400,3.13988,3.141035,3.13854,3.139715,3.157185,3.145195,3.15119,3.1477129,0,0,0,3.1552280881697157
1769130000,3.139715,3.139845,3.13871,3.13924,3.157185,3.145195,3.15119,3.1477129,0,0,0,3.155069002715291
1769133600,3.13924,3.139545,3.135915,3.136415,3.157185,3.145195,3.15119,3.1477129,0,0,0,3.1548833907479743
1769137200,3.136415,3.136885,3.1338,3.1338,3.143535,3.13379,3.1386624999999997,3.1358364499999998,0,0,0,3.1546736057654075
1769140800,3.1338,3.1348,3.1338,3.134015,3.143535,3.13379,3.1386624999999997,3.1358364499999998,0,0,0,3.154468047499085
1769144400,3.134015,3.135225,3.133765,3.134015,3.143535,3.13379,3.1386624999999997,3.1358364499999998,0,0,0,3.1542645345886466
1769148000,3.134015,3.13456,3.128165,3.129145,3.143535,3.13379,3.1386624999999997,3.1358364499999998,0,0,0,3.154014588970849
1769151600,3.129145,3.133485,3.128115,3.132105,3.143535,3.13379,3.1386624999999997,3.1358364499999998,0,0,0,3.1537965831104424
1769155200,3.132105,3.142175,3.131615,3.138755,3.143535,3.13379,3.1386624999999997,3.1358364499999998,0,0,0,3.153646915616806
1769158800,3.138755,3.142065,3.137535,3.14203,3.143535,3.13379,3.1386624999999997,3.1358364499999998,0,0,0,3.153531324416639
1769162400,3.14203,3.146735,3.13966,3.142555,3.143535,3.13379,3.1386624999999997,3.1358364499999998,0,0,0,3.1534221072582644
1769166000,3.142555,3.145755,3.139,3.142165,3.143535,3.13379,3.1386624999999997,3.1358364499999998,0,0,0,3.1533100962407694
1769169600,3.142165,3.142795,3.139225,3.139995,3.143535,3.13379,3.1386624999999997,3.1358364499999998,0,0,0,3.1531776077209606
1769173200,3.139995,3.146095,3.139085,3.14583,3.143535,3.13379,3.1386624999999997,3.1358364499999998,0,0,0,3.1531044971963738
1769176800,3.14583,3.148495,3.145595,3.146935,3.143535,3.13379,3.1386624999999997,3.1358364499999998,0,0,0,3.153043109164569
1769180400,3.146935,3.146935,3.134865,3.134865,3.143535,3.13379,3.1386624999999997,3.1358364499999998,0,0,0,3.152862232456464
1769184000,3.134865,3.139515,3.134415,3.138685,3.143535,3.13379,3.1386624999999997,3.1358364499999998,0,0,0,3.1527211654668474
1769187600,3.138685,3.13939,3.13146,3.133615,3.143535,3.13379,3.1386624999999997,3.1358364499999998,0,0,0,3.152531054367675
1769191200,3.133615,3.13812,3.133615,3.135005,3.143535,3.13379,3.1386624999999997,3.1358364499999998,0,0,0,3.1523566657670017
1769194800,3.135005,3.13851,3.133935,3.13673,3.148495,3.128115,3.138305,3.1323948,0,0,0,3.1522011765553897
1769198400,3.13673,3.139065,3.13615,3.13799,3.148495,3.128115,3.138305,3.1323948,0,0,0,3.152059771813545
1769202000,3.13799,3.138215,3.13303,3.13615,3.148495,3.128115,3.138305,3.1323948,0,0,0,3.1519014656263455
1769378400,3.13615,3.141605,3.13615,3.139535,3.148495,3.128115,3.138305,3.1323948,0,0,0,3.151778416217128
1769382000,3.139535,3.139535,3.137415,3.137635,3.148495,3.128115,3.138305,3.1323948,0,0,0,3.151637685707505
1769385600,3.137635,3.13809,3.136889,3.13733,3.148495,3.128115,3.138305,3.1323948,0,0,0,3.1514953206755894
1769389200,3.13733,3.137534,3.135185,3.137524,3.148495,3.128115,3.138305,3.1323948,0,0,0,3.1513563025594142
1769392800,3.137524,3.13785,3.13599,3.13664,3.148495,3.128115,3.138305,3.1323948,0,0,0,3.1512098716881765
1769396400,3.13664,3.137454,3.13617,3.136549,3.141605,3.13146,3.1365325000000004,3.1335904500000002,0,0,0,3.151063992367896
1769400000,3.136549,3.137095,3.13387,3.13394,3.141605,3.13146,3.1365325000000004,3.1335904500000002,0,0,0,3.150893604384136
1769403600,3.13394,3.135119,3.133454,3.135049,3.141605,3.13146,3.1365325000000004,3.1335904500000002,0,0,0,3.15073594662907
1769407200,3.135049,3.1357,3.13414,3.134915,3.141605,3.13146,3.1365325000000004,3.1335904500000002,0,0,0,3.1505785242745517
1769410800,3.134915,3.13895,3.133944,3.138744,3.141605,3.13146,3.1365325000000004,3.1335904500000002,0,0,0,3.1504607678141086
1769414400,3.138744,3.138779,3.13501,3.135375,3.141605,3.13146,3.1365325000000004,3.1335904500000002,0,0,0,3.1503106606716798
1769418000,3.135375,3.14287,3.135199,3.14107,3.141605,3.13146,3.1365325000000004,3.1335904500000002,0,0,0,3.1502187137993247
1769421600,3.14107,3.14147,3.135375,3.137555,3.141605,3.13146,3.1365325000000004,3.1335904500000002,0,0,0,3.150092706696844
1769425200,3.137555,3.138895,3.13454,3.136735,3.141605,3.13146,3.1365325000000004,3.1335904500000002,0,0,0,3.149959794192398
1769428800,3.136735,3.137215,3.132069,3.136465,3.141605,3.13146,3.1365325000000004,3.1335904500000002,0,0,0,3.14982551763327
1769432400,3.136465,3.13706,3.13178,3.132085,3.141605,3.13146,3.1365325000000004,3.1335904500000002,0,0,0,3.1496489950697546
1769436000,3.132085,3.133405,3.118655,3.11975,3.14287,3.13146,3.137165,3.1338561,0,0,0,3.1493514926312494
1769439600,3.11975,3.121524,3.11419,3.1164,3.14287,3.13146,3.137165,3.1338561,0,0,0,3.1490236170826797
1769443200,3.1164,3.121585,3.11605,3.11684,3.14287,3.13146,3.137165,3.1338561,0,0,0,3.148703382086832
1769446800,3.11684,3.117054,3.1138,3.115634,3.14287,3.13146,3.137165,3.1338561,0,0,0,3.148374333508854
1769450400,3.115634,3.11923,3.115634,3.117155,3.14287,3.13146,3.137165,3.1338561,0,0,0,3.1480636933744375
1769454000,3.117155,3.118835,3.117155,3.117905,3.14287,3.13146,3.137165,3.1338561,0,0,0,3.147763606873199
1769457600,3.117905,3.120345,3.117885,3.119999,3.14287,3.13146,3.137165,3.1338561,0,0,0,3.1474873421281924
1769461200,3.119999,3.119999,3.117235,3.11937,3.14287,3.13146,3.137165,3.1338561,0,0,0,3.147207567579653
1769464800,3.11937,3.12716,3.11439,3.12493,3.14287,3.13146,3.137165,3.1338561,0,0,0,3.146985900240552
1769468400,3.12493,3.127115,3.119434,3.120819,3.14287,3.13146,3.137165,3.1338561,0,0,0,3.146725533073979
1769472000,3.120819,3.122495,3.114395,3.115725,3.14287,3.13146,3.137165,3.1338561,0,0,0,3.146417070058318
1769475600,3.115725,3.119395,3.114579,3.118814,3.14287,3.13146,3.137165,3.1338561,0,0,0,3.146142412644802
1769479200,3.118814,3.12174,3.115904,3.116935,3.14287,3.13146,3.137165,3.1338561,0,0,0,3.145851791623461
1769482800,3.116935,3.119525,3.114185,3.11543,3.12716,3.1138,3.1204799999999997,3.1166055999999998,0,0,0,3.1455490872291976
1769486400,3.11543,3.11616,3.114695,3.1151,3.12716,3.1138,3.1204799999999997,3.1166055999999998,0,0,0,3.145246111236867
1769490000,3.1151,3.115799,3.114929,3.11549,3.12716,3.1138,3.1204799999999997,3.1166055999999998,0,0,0,3.1449500305280425
1769493600,3.11549,3.12188,3.11388,3.12032,3.12716,3.1138,3.1204799999999997,3.1166055999999998,0,0,0,3.1447049555974154
1769497200,3.12032,3.120435,3.114004,3.116889,3.12716,3.1138,3.1204799999999997,3.1166055999999998,0,0,0,3.1444281799198293
1769500800,3.116889,3.11957,3.114589,3.118115,3.12716,3.1138,3.1204799999999997,3.1166055999999998,0,0,0,3.14416635723406
1769504400,3.118115,3.118585,3.105769,3.107049,3.12716,3.1138,3.1204799999999997,3.1166055999999998,0,0,0,3.143797030296408
1769508000,3.107049,3.109969,3.10704,3.108454,3.12716,3.1138,3.1204799999999997,3.1166055999999998,0,0,0,3.14344535835316
1769511600,3.108454,3.10846,3.101145,3.105229,3.12716,3.1138,3.1204799999999997,3.1166055999999998,0,0,0,3.143065096080989
1769515200,3.105229,3.105439,3.097979,3.102554,3.12716,3.1138,3.1204799999999997,3.1166055999999998,0,0,0,3.142662000597596
1769518800,3.102554,3.109534,3.10139,3.105075,3.12716,3.1138,3.1204799999999997,3.1166055999999998,0,0,0,3.1422880005916496
1769522400,3.105075,3.109495,3.10458,3.106125,3.12716,3.1138,3.1204799999999997,3.1166055999999998,0,0,0,3.1419281697399914
1769526000,3.106125,3.10752,3.10013,3.106249,3.12716,3.1138,3.1204799999999997,3.1166055999999998,0,0,0,3.141573153125663
1769529600,3.106249,3.106789,3.101725,3.101765,3.12716,3.1138,3.1204799999999997,3.1166055999999998,0,0,0,3.141177052099537
1769533200,3.101765,3.104079,3.10126,3.102455,3.12716,3.1138,3.1204799999999997,3.1166055999999998,0,0,0,3.1407917580487954
1769536800,3.102455,3.104415,3.102455,3.1035,3.12716,3.1138,3.1204799999999997,3.1166055999999998,0,0,0,3.140420695779653
1769540400,3.1035,3.103585,3.10141,3.101925,3.12716,3.1138,3.1204799999999997,3.1166055999999998,0,0,0,3.140037654030602
1769544000,3.101925,3.103125,3.094065,3.09694,3.12716,3.1138,3.1204799999999997,3.1166055999999998,0,0,0,3.139608821652188
1769547600,3.09694,3.097175,3.091255,3.093145,3.12716,3.1138,3.1204799999999997,3.1166055999999998,0,0,0,3.139146495068584
1769551200,3.093145,3.096724,3.088015,3.092034,3.12716,3.1138,3.1204799999999997,3.1166055999999998,0,0,0,3.1386777140231255
1769554800,3.092034,3.095459,3.089825,3.09094,3.12716,3.1138,3.1204799999999997,3.1166055999999998,0,0,0,3.138202711893542
1769558400,3.09094,3.091974,3.08596,3.08872,3.12716,3.1138,3.1204799999999997,3.1166055999999998,0,0,0,3.137710346601069
1769562000,3.08872,3.089515,3.080495,3.089289,3.12716,3.1138,3.1204799999999997,3.1166055999999998,0,0,0,3.137228542157277
1769565600,3.089289,3.097674,3.08736,3.094675,3.12716,3.1138,3.1204799999999997,3.1166055999999998,0,0,0,3.136805123827354
1769569200,3.094675,3.094835,3.093585,3.09399,3.12716,3.1138,3.1204799999999997,3.1166055999999998,0,0,0,3.1363791026947436
1769572800,3.09399,3.09471,3.09389,3.094095,3.12716,3.1138,3.1204799999999997,3.1166055999999998,0,0,0,3.1359583653544973
1769576400,3.094095,3.09667,3.093835,3.096559,3.12716,3.1138,3.1204799999999997,3.1166055999999998,0,0,0,3.135566331868383
1769580000,3.096559,3.098439,3.090715,3.09237,3.12716,3.1138,3.1204799999999997,3.1166055999999998,0,0,0,3.135136517620936
1769583600,3.09237,3.096205,3.08527,3.09442,3.12716,3.1138,3.1204799999999997,3.1166055999999998,0,0,0,3.1347313781421207
1769587200,3.09442,3.094495,3.086655,3.092225,3.12716,3.1138,3.1204799999999997,3.1166055999999998,0,0,0,3.1343084291058805
1769590800,3.092225,3.096409,3.091345,3.093715,3.12716,3.1138,3.1204799999999997,3.1166055999999998,0,0,0,3.133904514388409
1769594400,3.093715,3.095005,3.090855,3.09141,3.12716,3.1138,3.1204799999999997,3.1166055999999998,0,0,0,3.1334816833994696
1769598000,3.09141,3.094595,3.090575,3.09122,3.098439,3.080495,3.089467,3.08426324,0,0,0,3.1330611691367882
1769601600,3.09122,3.094719,3.089625,3.091024,3.098439,3.080495,3.089467,3.08426324,0,0,0,3.13264288884687
1769605200,3.091024,3.096055,3.090265,3.095265,3.098439,3.080495,3.089467,3.08426324,0,0,0,3.1322709695548614
1769608800,3.095265,3.09681,3.09135,3.092864,3.098439,3.080495,3.089467,3.08426324,0,0,0,3.131878860405062
1769612400,3.092864,3.102579,3.092335,3.09789,3.098439,3.080495,3.089467,3.08426324,0,0,0,3.131540662789091
1769616000,3.09789,3.1022,3.09535,3.096114,3.098439,3.080495,3.089467,3.08426324,0,0,0,3.131188158681737
1769619600,3.096114,3.10255,3.09422,3.096905,3.098439,3.080495,3.089467,3.08426324,0,0,0,3.130847032724705
1769623200,3.096905,3.109585,3.095875,3.109545,3.098439,3.080495,3.089467,3.08426324,0,0,0,3.130635072200081
1769626800,3.109545,3.1249,3.062305,3.09124,3.098439,3.080495,3.089467,3.08426324,0,0,0,3.130243081431921
1769630400,3.09124,3.09484,3.077839,3.088289,3.098439,3.080495,3.089467,3.08426324,0,0,0,3.1298256278853347
1769634000,3.088289,3.09304,3.08758,3.08777,3.098439,3.080495,3.089467,3.08426324,0,0,0,3.1294071639262766
1769637600,3.08777,3.097864,3.086999,3.09443,3.098439,3.080495,3.089467,3.08426324,0,0,0,3.1290591324444232
1769641200,3.09443,3.09549,3.089845,3.09433,3.098439,3.080495,3.089467,3.08426324,0,0,0,3.1287135689375134
1769644800,3.09433,3.096959,3.09433,3.096114,3.1249,3.08527,3.105085,3.0935923,0,0,0,3.1283891951172396
1769648400,3.096114,3.09718,3.092685,3.09354,3.1249,3.08527,3.105085,3.0935923,0,0,0,3.128042436956869
1769652000,3.09354,3.09745,3.092325,3.096184,3.1249,3.08527,3.105085,3.0935923,0,0,0,3.127725437584164
1769655600,3.096184,3.09713,3.094805,3.09665,3.1249,3.08527,3.105085,3.0935923,0,0,0,3.127416229249993
1769659200,3.09665,3.09739,3.087615,3.094985,3.1249,3.08527,3.105085,3.0935923,0,0,0,3.1270935304514857
1769662800,3.094985,3.096135,3.08779,3.090004,3.1249,3.08527,3.105085,3.0935923,0,0,0,3.1267244803972423
1769666400,3.090004,3.090395,3.085695,3.08843,3.1249,3.08527,3.105085,3.0935923,0,0,0,3.1263434407912998
1769670000,3.08843,3.091575,3.086035,3.09097,3.1249,3.08527,3.105085,3.0935923,0,0,0,3.125991466256063
1769673600,3.09097,3.091879,3.08687,3.08815,3.1249,3.08527,3.105085,3.0935923,0,0,0,3.125614934253515
1769677200,3.088149,3.088675,3.082459,3.08371,3.1249,3.08527,3.105085,3.0935923,0,0,0,3.1251979697335797
1769680800,3.08371,3.088114,3.083465,3.08712,3.1249,3.08527,3.105085,3.0935923,0,0,0,3.1248190844625987
1769684400,3.087119,3.090719,3.083165,3.08347,3.1249,3.08527,3.105085,3.0935923,0,0,0,3.124407650786354
1769688000,3.083469,3.083469,3.0774,3.079775,3.1249,3.08527,3.105085,3.0935923,0,0,0,3.12396354480838
1769691600,3.079774,3.08058,3.074894,3.07797,3.1249,3.08527,3.105085,3.0935923,0,0,0,3.1235058975963566
1769695200,3.077969,3.082765,3.076514,3.082435,3.1249,3.08527,3.105085,3.0935923,0,0,0,3.1230972319486314
1769698800,3.082435,3.099694,3.082354,3.094265,3.1249,3.08527,3.105085,3.0935923,0,0,0,3.1228103440685455
1769702400,3.094265,3.09457,3.08524,3.087025,3.1249,3.08527,3.105085,3.0935923,0,0,0,3.1224542709932366
1769706000,3.087025,3.08752,3.086505,3.087095,3.1249,3.08527,3.105085,3.0935923,0,0,0,3.1221024374510153